Side Win Lose,Side,WinLose,func,total_tp_exits,Avg Entry Price,Num Transact,Last Max Shares,Initial Qty,Target Qty,Total P/L,ROE (P/L %),Slippage Costs,Transaction Costs,holding_time,profitable_time,profitable_time_pct,first_negpl_time,first_pospl_time,last_negpl_time,last_pospl_time,max_shares_reached_pct,max_shares_reached_time,body_above_buy_price_time,wick_above_buy_price_time,max_pl_body,min_pl_body,max_pl_wick,min_pl_wick,max_plpc_body,min_plpc_body,max_plpc_wick,min_plpc_wick,max_pl_body_time,min_pl_body_time,max_pl_wick_time,min_pl_wick_time,breakout_pre_vwap_dist,breakout_post_vwap_dist,breakout_pre_vwap_std,breakout_post_vwap_std,breakout_pre_vwap_std_close,breakout_post_vwap_std_close,avg_vwap_dist,avg_vwap_std,avg_vwap_std_close,best_vwap_std_close,worst_vwap_std_close,best_vwap_std_close_time,worst_vwap_std_close_time,avg_entry_price_diff,avg_central_value_dist,avg_prior_central_value_dist,net_price_diff_body,best_price_diff_body,worst_price_diff_body,best_price_diff_wick,worst_price_diff_wick,best_price_diff_body_time,worst_price_diff_body_time,best_price_diff_wick_time,worst_price_diff_wick_time,ref_price,ref_area_width,avg_area_width,market_phase_inc,market_phase_dec,doji_ratio,mfi_divergence,rsi_divergence,abs_doji_ratio,wick_ratio,nr4_hl_diff,nr7_hl_diff,volume_ratio,ATR_ratio,entry_time_since_latest_touch,entry_time_since_min_touch,entry_touch_formation_time,entry_touch_density,entry_touch_regularity,entry_atr_trend,entry_num_touches,volume,trade_count,MACD,MACD_signal,MACD_hist,MACD_hist_roc,RSI,RSI_roc,MFI,MFI_roc,VWAP,VWAP_dist,VWAP_std,VWAP_std_close,central_value,central_value_dist,exit_ema,exit_ema_dist,H_L,ATR,MTR,avg_volume,avg_trade_count,log_return,volatility,rolling_range_min_4,rolling_range_min_7,rolling_ATR,ADX,trend_strength,buy_vol_balance,buy_vol_concentration,buy_vol_kurtosis,buy_hvn_balance,buy_hvn_concentration,buy_hvn_avg_prominence,sell_vol_balance,sell_vol_concentration,sell_vol_kurtosis,sell_hvn_balance,sell_hvn_concentration,sell_hvn_avg_prominence
Long Win mean,Long,Win,mean,1.87,404.27,6.4,23.93,9.93,73.93,73.4,0.27,0.73,1.37,29.47,24.67,83.98,1.58,2.6,8.75,29.47,92.95,7.2,29.4,30.67,96.53,-11.55,107.08,-18.48,0.37,-0.08,0.41,-0.13,26.33,6.07,25.67,7.13,0.12,0.03,0.09,0.07,1.55,0.07,0.19,0.15,1.17,3.13,-1.38,8.93,10.53,0.15,0.34,0.06,0.59,0.89,-0.04,0.96,-0.17,26.13,2.73,27.0,1.73,403.6,1.03,1.03,0.72,0.28,0.64,-0.0,0.0,0.64,1.82,0.33,0.37,1.37,1.03,2.07,3.87,42.2,0.28,1.54,-0.0,11.07,144704.53,2093.2,0.3,0.18,0.06,0.03,62.21,5.06,61.39,5.91,401.49,2.11,5.06,0.44,402.55,1.06,402.58,1.02,0.77,0.65,0.61,105664.29,1633.73,0.0,0.0,0.44,0.4,0.64,32.29,19.69,-0.3,0.16,-2.68,-0.77,0.36,0.0,-0.26,0.14,-2.67,-0.71,0.34,0.0
Long Win std,Long,Win,std,0.64,12.11,1.4,18.85,7.59,2.34,68.39,0.23,0.14,0.26,15.36,13.55,13.44,1.0,2.32,5.61,15.36,19.58,4.99,14.87,15.66,79.76,11.13,84.99,15.74,0.27,0.06,0.3,0.07,15.91,5.51,17.04,5.14,0.07,0.08,0.05,0.04,1.04,1.88,0.1,0.06,0.27,0.65,1.28,5.74,8.81,0.1,0.15,0.06,0.41,0.4,0.05,0.41,0.05,16.09,3.97,15.69,2.89,12.25,0.25,0.25,0.15,0.15,0.22,0.01,0.0,0.22,0.9,0.26,0.25,0.25,0.12,1.49,4.64,39.2,0.22,0.76,0.01,4.61,51434.3,597.91,0.18,0.19,0.06,0.02,5.26,1.84,13.34,5.06,11.82,5.83,1.51,1.02,12.3,0.49,12.3,0.48,0.22,0.13,0.17,34211.51,417.09,0.0,0.0,0.12,0.1,0.14,10.79,6.74,0.17,0.05,0.38,0.23,0.14,0.0,0.15,0.04,0.39,0.3,0.12,0.0
Long Win min,Long,Win,min,1.0,379.56,4.0,14.0,1.0,70.0,20.43,0.07,0.23,0.44,13.0,10.0,52.63,1.0,1.0,1.0,13.0,30.99,1.0,14.0,14.0,39.19,-36.66,42.64,-54.73,0.13,-0.18,0.14,-0.21,5.0,0.0,2.0,1.0,0.01,-0.08,0.02,0.01,0.28,-5.73,0.08,0.07,0.8,2.19,-3.41,1.0,1.0,0.02,0.16,-0.04,0.12,0.41,-0.15,0.47,-0.24,5.0,0.0,6.0,0.0,378.64,0.66,0.69,0.49,0.09,0.22,-0.03,0.0,0.22,1.06,0.0,0.04,0.76,0.86,1.0,1.0,2.0,0.03,0.32,-0.02,4.0,55773.0,1052.0,0.06,0.02,-0.01,-0.01,53.24,2.01,35.86,-2.66,382.67,-8.5,2.48,-1.4,377.47,0.35,377.51,0.36,0.4,0.39,0.38,50712.86,897.07,0.0,0.0,0.28,0.28,0.43,17.1,9.84,-0.56,0.08,-2.99,-1.0,0.14,0.0,-0.44,0.06,-2.99,-1.0,0.12,0.0
Long Win 25%,Long,Win,25%,1.5,396.08,6.0,15.0,3.5,72.5,41.24,0.14,0.75,1.42,18.0,15.0,76.57,1.0,1.0,5.5,18.0,100.0,3.0,18.0,19.0,63.45,-16.84,67.73,-19.84,0.22,-0.13,0.23,-0.19,16.0,1.5,14.5,3.5,0.08,-0.01,0.06,0.04,0.89,-0.17,0.12,0.11,0.99,2.74,-2.5,4.5,4.5,0.06,0.22,0.02,0.32,0.58,-0.07,0.65,-0.19,14.5,0.0,16.0,0.0,395.39,0.88,0.88,0.6,0.16,0.47,0.0,0.0,0.47,1.24,0.16,0.16,1.31,0.92,1.0,1.0,11.0,0.1,0.86,-0.0,7.5,115213.0,1768.0,0.19,0.06,0.02,0.02,59.59,3.6,52.24,1.93,392.41,-2.62,4.11,-0.53,394.07,0.8,394.1,0.79,0.64,0.57,0.53,83574.83,1384.2,0.0,0.0,0.37,0.34,0.55,25.33,14.49,-0.4,0.13,-2.91,-0.93,0.26,0.0,-0.36,0.11,-2.93,-0.96,0.3,0.0
Long Win 50%,Long,Win,50%,2.0,405.02,6.0,15.0,8.0,74.0,47.45,0.17,0.77,1.44,21.0,19.0,84.91,1.0,2.0,8.5,21.0,100.0,6.0,22.0,22.0,66.93,-11.02,75.93,-15.75,0.26,-0.08,0.28,-0.15,20.0,5.0,21.0,7.0,0.12,0.01,0.08,0.07,1.22,0.15,0.17,0.15,1.14,3.08,-0.92,9.0,7.0,0.13,0.32,0.05,0.52,0.83,-0.02,0.88,-0.17,20.0,1.0,21.0,0.0,403.84,1.03,1.03,0.76,0.24,0.68,0.0,0.0,0.68,1.47,0.28,0.31,1.41,1.03,1.0,2.0,33.0,0.25,1.51,-0.0,10.0,138611.0,2146.0,0.24,0.14,0.04,0.02,61.57,5.3,64.09,6.83,398.25,3.27,4.9,0.57,403.09,0.93,403.12,0.88,0.75,0.63,0.6,107362.45,1573.25,0.0,0.0,0.43,0.36,0.62,29.14,19.13,-0.33,0.16,-2.8,-0.82,0.37,0.0,-0.32,0.15,-2.79,-0.75,0.35,0.0
Long Win 75%,Long,Win,75%,2.0,411.17,7.0,16.0,16.0,75.0,60.14,0.29,0.78,1.45,41.5,30.0,94.89,2.0,3.5,10.5,41.5,100.0,10.5,38.5,40.5,78.36,-1.89,88.82,-7.43,0.39,-0.02,0.43,-0.08,37.5,8.5,38.0,9.5,0.15,0.07,0.12,0.08,2.26,1.33,0.25,0.18,1.31,3.37,-0.7,12.5,15.0,0.24,0.41,0.09,0.83,1.1,0.0,1.19,-0.15,37.5,4.0,38.0,2.0,410.89,1.13,1.13,0.84,0.4,0.81,0.0,0.0,0.81,2.13,0.48,0.51,1.53,1.12,2.5,4.0,64.0,0.34,1.97,-0.0,15.0,174293.0,2404.5,0.35,0.2,0.08,0.04,64.35,6.59,70.68,9.76,414.09,5.24,6.12,1.11,409.56,1.17,409.59,1.13,0.89,0.7,0.67,112527.06,1928.52,0.0,0.0,0.5,0.44,0.72,36.18,22.79,-0.18,0.17,-2.58,-0.67,0.4,0.0,-0.17,0.15,-2.55,-0.6,0.38,0.0
Long Win max,Long,Win,max,3.0,425.07,9.0,68.0,23.0,79.0,257.65,0.86,0.82,1.48,55.0,52.0,100.0,4.0,9.0,20.0,55.0,100.0,17.0,56.0,57.0,306.86,0.0,334.0,-1.21,1.02,0.0,1.11,-0.02,54.0,20.0,54.0,20.0,0.24,0.25,0.19,0.17,3.95,2.16,0.46,0.27,1.82,4.38,0.52,21.0,30.0,0.29,0.67,0.19,1.65,1.93,0.0,2.06,-0.05,54.0,13.0,54.0,10.0,424.34,1.63,1.63,0.91,0.51,0.94,0.0,0.0,0.94,4.52,0.97,0.97,1.7,1.22,5.0,18.0,133.0,0.78,2.86,0.01,18.0,251766.0,3206.0,0.69,0.64,0.19,0.07,76.84,7.91,80.22,13.37,416.41,14.17,7.82,1.84,423.41,2.23,423.46,2.19,1.27,0.99,1.06,185037.82,2551.18,0.0,0.0,0.71,0.6,0.92,57.36,32.55,0.05,0.24,-1.58,-0.13,0.65,0.0,0.06,0.22,-1.5,0.07,0.58,0.0
Long Lose mean,Long,Lose,mean,0.32,407.79,3.26,67.97,7.18,73.12,-23.09,-0.25,0.29,0.55,6.18,1.5,18.83,1.97,2.44,6.18,4.89,38.21,3.5,4.32,6.59,2.97,-23.09,5.61,-26.32,0.05,-0.25,0.08,-0.28,3.24,7.47,4.18,7.03,0.12,-0.1,0.07,0.07,1.92,-1.34,-0.02,0.04,-0.88,1.35,-3.04,3.35,5.68,0.05,0.14,0.09,-0.19,0.08,-0.2,0.14,-0.27,3.12,5.62,3.38,4.35,407.52,0.99,0.99,0.69,0.31,0.69,-0.0,0.0,0.69,1.69,0.37,0.42,1.23,1.01,6.12,9.79,29.68,0.28,1.35,-0.0,10.5,124201.68,1844.44,0.25,0.16,0.04,0.03,60.22,4.86,58.92,3.3,403.83,3.69,4.15,0.79,406.58,0.94,406.61,0.91,0.78,0.63,0.59,101760.97,1554.01,0.0,0.0,0.42,0.36,0.62,33.18,16.97,-0.33,0.16,-2.63,-0.8,0.38,0.0,-0.3,0.15,-2.65,-0.79,0.36,0.0
Long Lose std,Long,Lose,std,0.59,14.73,1.42,13.5,6.02,2.54,22.24,0.1,0.3,0.56,4.03,2.55,24.85,2.41,2.66,4.03,4.47,38.28,3.95,4.29,4.48,5.74,22.24,8.59,25.84,0.06,0.1,0.08,0.11,3.79,4.14,3.97,4.07,0.09,0.09,0.06,0.04,1.19,1.51,0.05,0.03,1.13,2.09,1.25,3.06,4.0,0.09,0.15,0.09,0.12,0.1,0.1,0.12,0.11,4.11,3.78,3.95,3.43,14.73,0.28,0.27,0.16,0.16,0.2,0.01,0.0,0.2,1.0,0.24,0.27,0.27,0.12,12.35,12.95,39.42,0.24,0.65,0.01,3.78,47857.77,633.07,0.24,0.19,0.07,0.03,8.24,1.97,15.88,3.43,13.81,3.75,1.52,0.81,15.03,0.62,15.02,0.61,0.34,0.2,0.17,34298.3,450.08,0.0,0.0,0.2,0.14,0.15,10.94,10.96,0.17,0.04,0.41,0.3,0.14,0.0,0.14,0.05,0.42,0.3,0.14,0.0
Long Lose min,Long,Lose,min,0.0,379.53,2.0,15.0,1.0,68.0,-82.91,-0.44,0.01,0.02,1.0,0.0,0.0,1.0,1.0,1.0,1.0,1.33,0.0,1.0,2.0,0.0,-82.91,0.0,-107.39,0.0,-0.44,0.0,-0.47,0.0,1.0,0.0,1.0,0.02,-0.27,0.01,0.0,0.76,-7.23,-0.09,0.01,-3.58,-2.98,-6.81,1.0,1.0,-0.07,-0.1,-0.07,-0.4,0.0,-0.4,0.0,-0.55,0.0,0.0,0.0,0.0,379.42,0.53,0.57,0.28,0.08,0.16,-0.03,0.0,0.16,1.01,0.0,0.0,0.61,0.84,1.0,1.0,2.0,0.05,0.0,-0.02,5.0,41392.0,831.0,-0.32,-0.31,-0.07,-0.01,32.86,0.8,12.28,-2.77,382.8,-3.37,2.17,-0.97,377.86,-0.42,377.91,-0.43,0.38,0.36,0.31,54646.07,990.87,0.0,0.0,0.2,0.18,0.36,19.28,-12.2,-0.54,0.1,-2.99,-1.0,0.19,0.0,-0.46,0.07,-2.98,-1.0,0.09,0.0
Long Lose 25%,Long,Lose,25%,0.0,396.02,2.0,68.75,2.0,71.0,-40.65,-0.32,0.08,0.16,3.25,0.0,0.0,1.0,1.0,3.25,1.0,11.27,1.0,1.25,3.25,0.0,-40.65,0.44,-45.74,0.0,-0.32,0.02,-0.38,0.25,4.0,1.0,4.0,0.07,-0.17,0.04,0.04,1.25,-2.05,-0.06,0.03,-1.54,0.09,-3.46,1.0,2.25,0.0,0.08,0.03,-0.28,0.0,-0.28,0.06,-0.35,0.0,3.25,1.0,2.0,395.91,0.83,0.83,0.58,0.2,0.57,0.0,0.0,0.57,1.16,0.24,0.25,1.05,0.95,1.0,2.0,8.0,0.12,0.99,-0.0,8.0,96807.25,1428.5,0.16,0.08,-0.01,0.01,57.59,3.27,47.22,0.72,391.86,1.36,2.71,0.34,395.16,0.74,395.21,0.69,0.56,0.53,0.48,73672.7,1219.79,0.0,0.0,0.28,0.28,0.54,25.56,12.82,-0.48,0.13,-2.9,-0.99,0.26,0.0,-0.41,0.1,-2.9,-0.98,0.25,0.0
Long Lose 50%,Long,Lose,50%,0.0,405.8,3.0,72.0,5.5,73.5,-14.76,-0.27,0.15,0.29,5.0,1.0,10.1,1.0,1.0,5.0,2.5,20.43,2.0,3.0,5.0,0.14,-14.76,1.64,-15.0,0.0,-0.27,0.07,-0.28,2.0,6.0,3.0,5.5,0.1,-0.11,0.06,0.06,1.72,-1.4,-0.03,0.04,-0.95,1.43,-2.95,2.0,4.0,0.0,0.12,0.06,-0.22,0.05,-0.22,0.11,-0.25,1.5,5.0,2.0,4.0,404.87,0.93,0.93,0.71,0.29,0.7,0.0,0.0,0.7,1.43,0.34,0.4,1.23,0.99,1.0,4.0,17.5,0.22,1.28,-0.0,9.5,112244.5,1775.0,0.23,0.15,0.03,0.02,60.78,4.84,59.86,2.89,398.33,4.03,4.09,1.07,403.93,0.84,403.97,0.82,0.75,0.56,0.55,93718.71,1519.51,0.0,0.0,0.35,0.32,0.58,31.77,17.99,-0.37,0.17,-2.8,-0.9,0.38,0.0,-0.33,0.15,-2.8,-0.89,0.36,0.0
Long Lose 75%,Long,Lose,75%,0.75,419.61,4.75,75.0,10.75,75.0,-6.49,-0.18,0.67,1.3,8.5,1.0,28.37,2.0,2.75,8.5,8.5,74.01,5.0,4.75,8.5,2.92,-6.49,7.12,-9.9,0.07,-0.18,0.13,-0.2,4.75,10.0,6.75,9.75,0.14,-0.03,0.08,0.1,2.25,-0.75,-0.0,0.05,0.01,2.96,-2.42,4.0,9.0,0.07,0.16,0.13,-0.13,0.13,-0.13,0.18,-0.19,4.75,8.75,4.5,6.0,419.34,1.1,1.1,0.8,0.42,0.86,0.0,0.0,0.86,1.74,0.5,0.52,1.45,1.05,3.0,12.5,36.75,0.35,1.85,-0.0,14.0,143925.0,2248.0,0.32,0.23,0.06,0.03,64.44,6.53,68.21,5.89,414.45,5.46,5.44,1.32,418.75,1.04,418.77,1.02,0.87,0.7,0.67,126578.71,1778.82,0.0,0.0,0.45,0.4,0.69,35.63,23.73,-0.25,0.2,-2.5,-0.73,0.49,0.0,-0.24,0.18,-2.57,-0.75,0.44,0.0
Long Lose max,Long,Lose,max,2.0,439.51,6.0,78.0,26.0,78.0,-1.32,-0.01,0.8,1.45,18.0,11.0,91.67,12.0,9.0,18.0,14.0,100.0,14.0,19.0,19.0,23.2,-1.32,31.87,-1.3,0.23,-0.01,0.25,-0.05,14.0,18.0,14.0,18.0,0.52,0.07,0.31,0.16,7.6,1.39,0.14,0.14,0.96,4.93,-0.73,13.0,15.0,0.36,0.8,0.38,0.13,0.43,0.0,0.66,-0.06,14.0,15.0,14.0,12.0,439.5,1.67,1.67,0.92,0.72,0.99,0.0,0.0,0.99,6.33,1.02,1.4,1.73,1.51,58.0,58.0,210.0,1.0,2.54,0.01,18.0,275875.0,4134.0,0.93,0.72,0.24,0.13,81.56,9.75,87.12,9.97,430.65,14.1,7.3,1.93,438.73,3.25,438.74,3.17,2.19,1.34,1.05,198577.97,3186.99,0.01,0.0,1.17,0.79,0.95,63.97,34.7,0.21,0.24,-1.27,0.39,0.72,0.0,0.19,0.25,-1.18,0.38,0.67,0.0
Short Win mean,Short,Win,mean,1.92,400.12,6.62,18.0,11.15,74.46,49.49,0.17,0.78,1.45,20.38,16.77,81.91,2.0,2.69,6.0,20.38,96.25,7.0,20.62,22.23,74.13,-13.42,83.1,-23.74,0.27,-0.1,0.3,-0.15,19.0,5.54,16.62,6.62,0.14,0.11,0.08,0.09,1.63,1.16,0.19,0.15,1.26,2.7,-0.9,5.62,12.85,0.2,0.36,0.07,0.48,0.82,-0.05,0.88,-0.22,19.08,1.15,19.85,1.54,401.01,1.1,1.1,0.61,0.39,0.67,-0.01,0.0,0.67,1.67,0.46,0.53,1.33,1.03,7.15,14.15,33.23,0.23,1.36,-0.0,11.46,108639.54,1851.62,0.18,0.09,0.02,0.03,42.1,5.16,44.69,3.26,403.14,2.12,4.06,0.52,401.91,0.9,401.87,0.86,0.94,0.71,0.63,78675.69,1454.69,-0.0,0.0,0.47,0.41,0.69,29.82,12.09,-0.29,0.14,-2.79,-0.75,0.29,0.0,-0.32,0.16,-2.78,-0.78,0.33,0.0
Short Win std,Short,Win,std,0.49,8.26,1.26,6.71,16.01,1.56,49.56,0.17,0.02,0.02,7.86,7.5,17.99,1.26,2.93,4.22,7.86,9.55,5.29,7.11,7.51,51.44,14.57,51.94,20.06,0.17,0.09,0.17,0.09,7.88,4.84,8.64,5.33,0.09,0.13,0.05,0.06,0.96,1.32,0.14,0.07,0.31,0.54,1.52,4.41,10.24,0.1,0.25,0.08,0.46,0.47,0.08,0.49,0.11,7.87,1.41,8.12,2.47,8.34,0.31,0.31,0.17,0.17,0.21,0.02,0.0,0.21,0.59,0.43,0.39,0.49,0.14,11.56,13.34,28.25,0.18,0.68,0.01,3.55,57406.61,867.73,0.33,0.26,0.08,0.02,10.41,2.46,15.13,6.77,9.11,3.14,1.09,0.7,8.46,0.81,8.46,0.78,0.43,0.21,0.17,20467.38,308.66,0.0,0.0,0.23,0.14,0.18,11.21,18.05,0.12,0.05,0.35,0.29,0.17,0.0,0.13,0.05,0.4,0.29,0.14,0.0
Short Win min,Short,Win,min,1.0,393.07,4.0,15.0,1.0,71.0,9.27,0.03,0.73,1.42,8.0,6.0,40.0,1.0,1.0,1.0,8.0,69.01,1.0,9.0,9.0,31.77,-48.42,35.18,-74.41,0.11,-0.27,0.12,-0.3,5.0,0.0,4.0,1.0,-0.0,-0.04,0.02,0.02,-0.16,-1.0,0.07,0.05,0.84,1.98,-4.54,1.0,2.0,0.07,0.06,-0.04,0.07,0.35,-0.22,0.38,-0.4,5.0,0.0,6.0,0.0,394.08,0.57,0.59,0.29,0.17,0.36,-0.06,-0.0,0.36,1.0,0.0,0.0,0.69,0.78,1.0,1.0,3.0,0.07,0.0,-0.02,5.0,23204.0,659.0,-0.53,-0.51,-0.14,-0.01,24.85,0.99,17.0,-6.31,389.83,-4.65,2.16,-1.13,394.75,-0.73,394.77,-0.68,0.24,0.29,0.31,33507.34,746.15,-0.0,0.0,0.15,0.15,0.36,18.08,-20.58,-0.44,0.08,-2.97,-1.0,0.12,0.0,-0.51,0.1,-2.97,-1.0,0.19,0.0
Short Win 25%,Short,Win,25%,2.0,394.15,6.0,15.0,2.0,73.0,22.83,0.08,0.76,1.43,14.0,11.0,78.57,1.0,1.0,3.5,14.0,100.0,3.0,15.0,16.0,44.78,-24.23,53.06,-29.5,0.16,-0.15,0.19,-0.18,13.0,2.0,10.0,3.0,0.09,0.01,0.04,0.05,1.18,0.12,0.11,0.11,1.02,2.34,-1.32,2.0,4.0,0.13,0.19,0.01,0.19,0.54,-0.08,0.6,-0.33,13.0,0.0,14.0,0.0,394.48,0.83,0.83,0.48,0.27,0.48,-0.03,0.0,0.48,1.23,0.18,0.3,0.96,0.94,1.0,5.0,17.0,0.12,0.91,-0.01,10.0,67547.0,1174.0,0.1,0.05,-0.02,0.03,37.69,2.9,34.83,-2.69,398.83,0.94,4.13,0.22,395.56,0.27,395.53,0.29,0.72,0.6,0.48,65360.95,1368.12,-0.0,0.0,0.31,0.3,0.56,23.4,4.24,-0.37,0.1,-2.95,-0.96,0.16,0.0,-0.42,0.12,-2.95,-0.99,0.22,0.0
Short Win 50%,Short,Win,50%,2.0,397.15,7.0,15.0,6.0,75.0,38.39,0.13,0.78,1.44,20.0,20.0,86.96,1.0,1.0,4.0,20.0,100.0,6.0,21.0,21.0,60.29,-9.42,66.86,-21.9,0.23,-0.07,0.3,-0.15,17.0,4.0,14.0,4.0,0.14,0.08,0.09,0.08,1.9,1.32,0.15,0.13,1.21,2.54,-0.59,4.0,8.0,0.19,0.27,0.07,0.4,0.71,0.0,0.78,-0.2,18.0,0.0,18.0,0.0,398.29,1.07,1.07,0.64,0.36,0.74,0.0,0.0,0.74,1.35,0.35,0.4,1.2,0.99,2.0,10.0,26.0,0.17,1.41,-0.0,11.0,99750.0,1637.0,0.26,0.14,0.0,0.04,39.22,4.51,48.3,3.05,399.4,2.55,4.33,0.67,397.56,1.09,397.61,1.01,0.88,0.7,0.67,80184.26,1533.13,-0.0,0.0,0.45,0.39,0.65,25.88,12.16,-0.3,0.13,-2.91,-0.79,0.3,0.0,-0.31,0.16,-2.92,-0.86,0.3,0.0
Short Win 75%,Short,Win,75%,2.0,406.23,8.0,16.0,10.0,76.0,56.02,0.19,0.79,1.46,24.0,20.0,95.83,3.0,3.0,7.5,24.0,100.0,8.0,25.0,29.0,86.67,-1.95,98.42,-8.52,0.29,-0.04,0.33,-0.08,24.0,8.0,18.0,10.0,0.19,0.15,0.11,0.1,2.17,1.81,0.2,0.17,1.42,3.18,-0.15,8.0,20.0,0.25,0.46,0.11,0.46,0.82,0.0,0.87,-0.14,24.0,2.0,28.0,3.0,407.6,1.25,1.25,0.73,0.52,0.81,0.0,0.0,0.81,2.07,0.77,0.77,1.81,1.07,8.0,22.0,43.0,0.27,1.76,-0.0,13.0,131030.0,2400.0,0.36,0.18,0.09,0.04,46.04,7.29,52.99,8.4,411.47,3.71,4.6,0.96,408.9,1.37,408.84,1.33,1.19,0.9,0.72,87819.59,1667.42,-0.0,0.0,0.55,0.51,0.77,31.09,25.7,-0.21,0.18,-2.84,-0.7,0.38,0.0,-0.23,0.19,-2.88,-0.77,0.38,0.0
Short Win max,Short,Win,max,3.0,419.44,8.0,37.0,60.0,76.0,198.96,0.67,0.79,1.47,33.0,29.0,100.0,4.0,11.0,15.0,33.0,100.0,19.0,32.0,33.0,225.01,0.0,235.93,-3.66,0.76,0.0,0.79,-0.04,33.0,16.0,33.0,17.0,0.28,0.44,0.16,0.24,3.18,3.51,0.55,0.3,1.93,3.72,1.27,14.0,32.0,0.45,0.96,0.25,1.66,1.87,0.0,1.96,-0.09,33.0,4.0,33.0,7.0,420.55,1.69,1.69,0.83,0.71,1.0,-0.0,-0.0,1.0,2.8,1.29,1.29,2.07,1.3,40.0,43.0,105.0,0.73,2.49,0.0,19.0,224251.0,3450.0,0.66,0.48,0.14,0.07,66.05,8.44,70.42,13.65,421.08,7.81,5.71,1.66,421.35,2.16,421.32,2.1,1.65,1.04,0.96,117608.05,1797.27,-0.0,0.0,1.03,0.63,1.06,50.17,41.07,-0.09,0.25,-1.67,0.0,0.7,0.0,-0.09,0.27,-1.49,-0.08,0.71,0.0
Short Lose mean,Short,Lose,mean,0.28,401.12,3.11,68.17,10.28,74.33,-17.32,-0.22,0.25,0.47,6.28,1.11,15.24,1.11,2.89,6.28,4.56,32.41,2.56,4.22,6.61,2.79,-18.28,6.24,-20.05,0.04,-0.23,0.07,-0.26,2.72,6.28,3.61,5.94,0.12,-0.04,0.07,0.06,2.4,-0.69,-0.01,0.04,-0.76,1.74,-3.06,3.94,4.89,0.05,0.13,0.08,-0.18,0.08,-0.18,0.13,-0.24,3.17,6.28,3.06,4.06,401.38,0.94,0.94,0.76,0.24,0.65,-0.0,0.0,0.65,1.87,0.31,0.42,1.22,1.03,3.72,6.33,35.06,0.32,1.29,-0.0,12.39,111073.78,1875.56,0.21,0.13,0.03,0.03,39.23,4.69,41.63,4.97,402.99,1.61,4.04,0.43,402.21,0.84,402.18,0.8,0.77,0.62,0.55,90304.41,1484.24,-0.0,0.0,0.46,0.34,0.6,32.77,15.71,-0.27,0.16,-2.56,-0.7,0.37,0.0,-0.28,0.18,-2.56,-0.69,0.39,0.0
Short Lose std,Short,Lose,std,0.57,14.69,1.49,14.46,8.81,2.72,15.29,0.11,0.23,0.44,3.85,1.84,19.09,0.32,1.96,3.85,3.57,30.48,2.33,3.86,3.71,5.61,14.76,9.49,15.46,0.06,0.09,0.07,0.1,2.49,4.21,2.93,3.9,0.07,0.1,0.06,0.02,3.31,1.58,0.04,0.02,1.15,1.97,1.18,3.76,2.97,0.07,0.08,0.07,0.12,0.1,0.11,0.1,0.09,4.12,4.32,2.98,4.71,14.58,0.28,0.27,0.16,0.16,0.22,0.01,0.0,0.22,1.19,0.2,0.21,0.33,0.12,8.23,11.13,40.05,0.25,0.7,0.0,6.58,46585.24,735.1,0.18,0.15,0.06,0.03,8.55,1.77,14.37,4.6,14.12,4.47,1.59,1.04,14.54,0.49,14.53,0.47,0.29,0.18,0.15,22525.66,378.99,0.0,0.0,0.22,0.11,0.16,11.25,11.84,0.13,0.05,0.87,0.32,0.12,0.0,0.15,0.05,0.86,0.34,0.13,0.0
Short Lose min,Short,Lose,min,0.0,376.03,2.0,21.0,1.0,68.0,-53.85,-0.4,0.01,0.02,2.0,0.0,0.0,1.0,1.0,2.0,1.0,1.39,0.0,1.0,2.0,0.0,-53.85,0.0,-53.28,0.0,-0.4,0.0,-0.44,0.0,2.0,0.0,2.0,0.04,-0.16,0.01,0.02,0.8,-2.93,-0.07,0.01,-3.01,-1.71,-5.36,1.0,1.0,0.0,-0.07,0.0,-0.39,0.0,-0.39,0.03,-0.41,0.0,0.0,0.0,0.0,376.68,0.47,0.47,0.39,0.08,0.17,-0.03,-0.0,0.17,1.07,0.03,0.14,0.73,0.86,1.0,1.0,3.0,0.06,0.0,-0.01,6.0,49555.0,913.0,-0.36,-0.28,-0.14,-0.01,26.32,2.64,7.3,-3.33,382.76,-7.3,2.17,-1.3,377.58,-0.33,377.53,-0.3,0.42,0.38,0.33,46800.04,920.36,-0.0,0.0,0.21,0.2,0.37,19.36,-14.37,-0.46,0.07,-2.98,-1.0,0.11,0.0,-0.51,0.09,-2.97,-1.0,0.11,0.0
Short Lose 25%,Short,Lose,25%,0.0,393.22,2.0,68.75,2.75,73.0,-25.75,-0.31,0.08,0.16,3.0,0.0,0.0,1.0,2.0,3.0,2.0,11.45,1.0,1.0,4.0,0.0,-25.75,0.2,-32.52,0.0,-0.31,0.02,-0.32,1.25,3.0,1.25,3.25,0.06,-0.13,0.04,0.04,1.27,-1.67,-0.04,0.03,-1.44,0.25,-3.74,2.0,3.0,0.0,0.09,0.02,-0.26,0.0,-0.26,0.06,-0.27,0.0,3.0,1.0,0.0,393.38,0.73,0.74,0.7,0.14,0.53,0.0,0.0,0.53,1.2,0.18,0.25,0.99,0.92,1.0,1.0,7.5,0.12,0.91,-0.01,8.25,82656.75,1311.0,0.13,0.07,0.01,0.0,35.38,3.24,35.38,1.25,391.8,-1.85,2.75,-0.53,393.77,0.52,393.73,0.49,0.47,0.45,0.43,75997.44,1206.43,-0.0,0.0,0.3,0.24,0.45,21.91,7.43,-0.37,0.14,-2.93,-0.96,0.29,0.0,-0.4,0.15,-2.92,-0.92,0.31,0.0
Short Lose 50%,Short,Lose,50%,0.0,399.01,3.0,73.5,8.5,74.5,-10.22,-0.22,0.16,0.3,5.5,0.5,5.56,1.0,2.0,5.5,3.0,20.91,2.0,2.5,5.0,0.04,-14.15,1.98,-17.31,0.01,-0.22,0.05,-0.23,2.0,5.0,3.0,5.0,0.1,-0.03,0.06,0.06,1.43,-0.9,-0.01,0.04,-0.56,1.99,-3.16,2.5,4.5,0.0,0.12,0.05,-0.16,0.03,-0.16,0.11,-0.24,2.0,5.0,3.0,3.0,399.21,0.96,0.96,0.81,0.19,0.64,-0.0,-0.0,0.64,1.56,0.25,0.43,1.15,1.03,1.0,2.0,13.5,0.23,1.29,-0.0,10.5,97529.0,1751.5,0.22,0.15,0.03,0.02,39.77,4.26,43.73,4.56,398.63,2.47,3.74,0.88,400.02,0.91,400.0,0.87,0.8,0.63,0.56,84697.35,1374.37,-0.0,0.0,0.42,0.33,0.61,31.2,18.23,-0.24,0.17,-2.84,-0.72,0.39,0.0,-0.24,0.19,-2.84,-0.71,0.41,0.0
Short Lose 75%,Short,Lose,75%,0.0,409.57,3.0,76.0,17.0,76.0,-6.58,-0.16,0.33,0.62,8.75,1.0,29.33,1.0,3.0,8.75,7.0,43.08,3.75,6.5,9.5,3.39,-7.56,6.4,-7.6,0.09,-0.16,0.14,-0.19,3.0,8.75,3.75,6.75,0.15,0.01,0.09,0.07,2.23,0.16,0.02,0.05,0.08,2.67,-2.33,4.0,6.0,0.09,0.19,0.14,-0.11,0.13,-0.11,0.17,-0.18,3.75,8.75,3.0,6.75,409.63,1.07,1.07,0.86,0.3,0.84,-0.0,-0.0,0.84,1.87,0.45,0.56,1.42,1.09,2.0,4.5,60.25,0.42,1.59,-0.0,13.5,134359.5,2165.25,0.34,0.17,0.06,0.04,43.32,5.67,53.12,9.13,413.52,5.49,5.35,1.27,410.58,1.09,410.54,1.06,1.01,0.76,0.62,109186.32,1689.41,-0.0,0.0,0.55,0.42,0.71,41.46,23.13,-0.17,0.2,-2.77,-0.55,0.46,0.0,-0.18,0.21,-2.76,-0.59,0.5,0.0
Short Lose max,Short,Lose,max,2.0,438.09,8.0,79.0,28.0,79.0,-0.7,-0.01,0.78,1.44,14.0,7.0,58.33,2.0,7.0,14.0,11.0,100.0,9.0,13.0,14.0,22.71,-0.7,34.94,-0.86,0.18,-0.09,0.2,-0.1,8.0,17.0,10.0,17.0,0.29,0.18,0.21,0.1,15.43,2.36,0.07,0.09,0.82,5.19,-0.6,16.0,13.0,0.2,0.25,0.18,0.02,0.34,0.0,0.36,-0.08,16.0,17.0,9.0,17.0,438.12,1.47,1.47,0.92,0.61,0.94,-0.0,-0.0,0.94,6.06,0.72,0.79,1.95,1.27,36.0,40.0,140.0,1.0,2.77,-0.0,33.0,251331.0,3800.0,0.41,0.36,0.14,0.1,63.19,8.17,61.78,11.71,430.82,7.96,6.66,1.87,438.56,1.88,438.53,1.79,1.21,0.91,0.85,128746.61,2296.25,-0.0,0.0,1.15,0.58,0.86,54.81,32.44,-0.07,0.23,0.59,0.27,0.54,0.0,-0.08,0.25,0.44,0.45,0.59,0.0
,,,,,,,,,,,,,,,,,,,,,,,,,,,,,,,,,,,,,,,,,,,,,,,,,,,,,,,,,,,,,,,,,,,,,,,,,,,,,,,,,,,,,,,,,,,,,,,,,,,,,,,,,,,,,,,,,,,,,,,,,,,,
Long Win count,Long,Win,count,15.0,15.0,15.0,15.0,15.0,15.0,15.0,15.0,15.0,15.0,15.0,15.0,15.0,12.0,15.0,12.0,15.0,15.0,15.0,15.0,15.0,15.0,15.0,15.0,15.0,15.0,15.0,15.0,15.0,15.0,15.0,15.0,15.0,15.0,15.0,15.0,15.0,15.0,15.0,15.0,15.0,15.0,15.0,15.0,15.0,15.0,15.0,15.0,15.0,15.0,15.0,15.0,15.0,15.0,15.0,15.0,15.0,15.0,15.0,15.0,15.0,15.0,15.0,15.0,15.0,15.0,15.0,15.0,15.0,15.0,15.0,15.0,15.0,15.0,15.0,15.0,15.0,15.0,15.0,15.0,15.0,15.0,15.0,15.0,15.0,15.0,15.0,15.0,15.0,15.0,15.0,15.0,15.0,15.0,15.0,15.0,15.0,15.0,15.0,15.0,15.0,15.0,15.0,15.0,15.0,15.0,15.0,15.0,15.0,15.0,15.0,15.0,15.0,15.0,15.0,15.0,15.0,15.0,15.0,15.0,15.0
Long Lose count,Long,Lose,count,34.0,34.0,34.0,34.0,34.0,34.0,34.0,34.0,34.0,34.0,34.0,34.0,34.0,34.0,18.0,34.0,18.0,34.0,34.0,34.0,34.0,34.0,34.0,34.0,34.0,34.0,34.0,34.0,34.0,34.0,34.0,34.0,34.0,34.0,34.0,34.0,34.0,34.0,34.0,34.0,34.0,34.0,34.0,34.0,34.0,34.0,34.0,34.0,34.0,34.0,34.0,34.0,34.0,34.0,34.0,34.0,34.0,34.0,34.0,34.0,34.0,34.0,34.0,34.0,34.0,34.0,34.0,34.0,34.0,34.0,34.0,34.0,34.0,34.0,34.0,34.0,34.0,34.0,34.0,34.0,34.0,34.0,34.0,34.0,34.0,34.0,34.0,34.0,34.0,34.0,34.0,34.0,34.0,34.0,34.0,34.0,34.0,34.0,34.0,34.0,34.0,34.0,34.0,34.0,34.0,34.0,34.0,34.0,34.0,34.0,34.0,34.0,34.0,34.0,34.0,34.0,34.0,34.0,34.0,34.0,34.0
Short Win count,Short,Win,count,13.0,13.0,13.0,13.0,13.0,13.0,13.0,13.0,13.0,13.0,13.0,13.0,13.0,11.0,13.0,11.0,13.0,13.0,13.0,13.0,13.0,13.0,13.0,13.0,13.0,13.0,13.0,13.0,13.0,13.0,13.0,13.0,13.0,13.0,13.0,13.0,13.0,13.0,13.0,13.0,13.0,13.0,13.0,13.0,13.0,13.0,13.0,13.0,13.0,13.0,13.0,13.0,13.0,13.0,13.0,13.0,13.0,13.0,13.0,13.0,13.0,13.0,13.0,13.0,13.0,13.0,13.0,13.0,13.0,13.0,13.0,13.0,13.0,13.0,13.0,13.0,13.0,13.0,13.0,13.0,13.0,13.0,13.0,13.0,13.0,13.0,13.0,13.0,13.0,13.0,13.0,13.0,13.0,13.0,13.0,13.0,13.0,13.0,13.0,13.0,13.0,13.0,13.0,13.0,13.0,13.0,13.0,13.0,13.0,13.0,13.0,13.0,13.0,13.0,13.0,13.0,13.0,13.0,13.0,13.0,13.0
Short Lose count,Short,Lose,count,18.0,18.0,18.0,18.0,18.0,18.0,18.0,18.0,18.0,18.0,18.0,18.0,18.0,18.0,9.0,18.0,9.0,18.0,18.0,18.0,18.0,18.0,18.0,18.0,18.0,18.0,18.0,18.0,18.0,18.0,18.0,18.0,18.0,18.0,18.0,18.0,18.0,18.0,18.0,18.0,18.0,18.0,18.0,18.0,18.0,18.0,18.0,18.0,18.0,18.0,18.0,18.0,18.0,18.0,18.0,18.0,18.0,18.0,18.0,18.0,18.0,18.0,18.0,18.0,18.0,18.0,18.0,18.0,18.0,18.0,18.0,18.0,18.0,18.0,18.0,18.0,18.0,18.0,18.0,18.0,18.0,18.0,18.0,18.0,18.0,18.0,18.0,18.0,18.0,18.0,18.0,18.0,18.0,18.0,18.0,18.0,18.0,18.0,18.0,18.0,18.0,18.0,18.0,18.0,18.0,18.0,18.0,18.0,18.0,18.0,18.0,18.0,18.0,18.0,18.0,18.0,18.0,18.0,18.0,18.0,18.0
